Minimal mut number	6
Linear hotspots	15 24 27 31 33 35 36 38 45 47 66 68 76 79 92 93 95 96 101 105 123 124 126 127 128 129 130 131 132 134 136 138 142 155 159 165 170 171 173 246 252 277
Number of mutations in codon	Count of codons with that many mut	Count of codons with less than that many mut	Number of mut in those codons combined	probability for exact match	probability for that many or more
2	204	318	0.3378793492435491	0.47237559748667457
3	264	338	0.13916787584526205	0.1832425479374239
4	320	352	0.05001093435486994	0.06363158936268282
5	370	362	0.01612412890926196	0.020022422780606952
6	394	366	0.0040110048415573675	0.0048453572367507
Threshold	0.005
