"msi","stage1","stage2","p_value","significance_annotation"
"MSI-H",1,2,0.0532486724448207,"ns"
"MSI-H",1,3,0.275585240959982,"ns"
"MSI-H",1,4,0.00693040871627335,"**"
"MSI-H",2,3,0.35002855881879,"ns"
"MSI-H",2,4,0.245480987273724,"ns"
"MSI-H",3,4,0.0481529743774231,"*"
"MSS",1,2,0.854240524549822,"ns"
"MSS",1,3,0.410894187476787,"ns"
"MSS",1,4,0.711554194924475,"ns"
"MSS",2,3,0.141282595402877,"ns"
"MSS",2,4,0.353435061607137,"ns"
"MSS",3,4,0.511934887378138,"ns"
