"stage","msi","sample_count","mutated_sample_count","proportion_of_mutations","standard_error","confidence_interval_lower_bound","confidence_interval_upper_bound"
1,"MSI-H",451,49,0.108647450110865,0.0146536648280958,0.0799262670477969,0.137368633173933
1,"MSS",990,36,0.0363636363636364,0.00594939283160026,0.0247028264136999,0.0480244463135729
4,"MSI-H",345,43,0.12463768115942,0.0177831649417851,0.0897826778735216,0.159492684445319
4,"MSS",2221,61,0.0274651058081945,0.00346791908087919,0.0206679844096713,0.0342622272067177
