"msi","stage1","stage2","p_value","significance_annotation"
"MSI-H",1,2,0.0262034975200365,"*"
"MSI-H",1,3,0.239572676785114,"ns"
"MSI-H",1,4,0.0105988772979892,"*"
"MSI-H",2,3,0.261503872458483,"ns"
"MSI-H",2,4,0.432396120393718,"ns"
"MSI-H",3,4,0.0855059611528643,"ns"
"MSS",1,2,1,"ns"
"MSS",1,3,0.119863941441353,"ns"
"MSS",1,4,0.28177442785412,"ns"
"MSS",2,3,0.0493876657137077,"*"
"MSS",2,4,0.157552501273602,"ns"
"MSS",3,4,0.51902264816563,"ns"
