tricontext,rel_prob
A[C>A]A,0.5005729999999998
A[C>A]C,0.5574589999999998
A[C>A]G,1.08e-4
A[C>A]T,0.8390530000000002
C[C>A]A,2.0297299999999994
C[C>A]C,4.207547999999998
C[C>A]G,1.457913999999999
C[C>A]T,12.294977999999997
G[C>A]A,0.37334799999999985
G[C>A]C,1.1712519999999997
G[C>A]G,0.3508469999999999
G[C>A]T,2.7649179999999998
T[C>A]A,0.5369849999999998
T[C>A]C,0.8549509999999999
T[C>A]G,0.15828099999999995
T[C>A]T,2.0363149999999997
A[C>G]A,0.2518729999999999
A[C>G]C,0.2882619999999999
A[C>G]G,0.007898
A[C>G]T,0.40147799999999984
C[C>G]A,0.06593499999999997
C[C>G]C,0.08029099999999997
C[C>G]G,1.08e-4
C[C>G]T,0.13176199999999993
G[C>G]A,0.09587099999999998
G[C>G]C,0.5591999999999998
G[C>G]G,0.00779
G[C>G]T,0.3365489999999998
T[C>G]A,0.24015399999999987
T[C>G]C,0.1976969999999999
T[C>G]G,0
T[C>G]T,0.5110149999999998
A[C>T]A,5.478060999999998
A[C>T]C,3.675035999999998
A[C>T]G,14.218559999999993
A[C>T]T,3.325134999999999
C[C>T]A,1.7662849999999997
C[C>T]C,2.378214999999999
C[C>T]G,13.325447999999993
C[C>T]T,2.1447139999999996
G[C>T]A,10.940885
G[C>T]C,13.808852999999996
G[C>T]G,20.46762899999999
G[C>T]T,9.892140999999995
T[C>T]A,1.9781689999999994
T[C>T]C,2.2588719999999993
T[C>T]G,6.129613999999997
T[C>T]T,1.7554729999999998
A[T>A]A,0.9166349999999998
A[T>A]C,1.5402499999999995
A[T>A]G,0.10518799999999998
A[T>A]T,1.7014979999999995
C[T>A]A,0.2911809999999999
C[T>A]C,0.7917869999999998
C[T>A]G,0.2965029999999999
C[T>A]T,0.3493249999999999
G[T>A]A,0.17686499999999994
G[T>A]C,0.9170279999999996
G[T>A]G,0.24569899999999992
G[T>A]T,0.5937589999999999
T[T>A]A,0.8991989999999999
T[T>A]C,0.5654549999999998
T[T>A]G,0.016567
T[T>A]T,1.067575
A[T>C]A,5.561389999999998
A[T>C]C,3.102543999999999
A[T>C]G,7.1789029999999965
A[T>C]T,3.374457999999999
C[T>C]A,3.499589999999998
C[T>C]C,2.337052999999999
C[T>C]G,7.896988999999998
C[T>C]T,2.1190579999999994
G[T>C]A,8.494126999999997
G[T>C]C,4.133370999999999
G[T>C]G,5.517064999999998
G[T>C]T,4.810058999999998
T[T>C]A,3.1715769999999988
T[T>C]C,3.421826999999999
T[T>C]G,3.2205149999999985
T[T>C]T,3.027468999999999
A[T>G]A,0.043560999999999996
A[T>G]C,0.3064259999999999
A[T>G]G,0.23657299999999992
A[T>G]T,0.6455259999999997
C[T>G]A,0.008669
C[T>G]C,0.9338419999999997
C[T>G]G,1.2320759999999997
C[T>G]T,1.720920999999999
G[T>G]A,0
G[T>G]C,0.4820459999999998
G[T>G]G,0.29843799999999987
G[T>G]T,1.2963489999999995
T[T>G]A,0.24181299999999994
T[T>G]C,0.49141299999999977
T[T>G]G,0.2605419999999999
T[T>G]T,1.8960229999999991
