tricontext,rel_prob
A[C>A]A,20.684364999999996
A[C>A]C,11.440653999999995
A[C>A]G,1.9875819999999997
A[C>A]T,9.987604999999997
C[C>A]A,15.370772999999996
C[C>A]C,9.462577999999995
C[C>A]G,2.869815
C[C>A]T,12.007844999999996
G[C>A]A,18.241403999999992
G[C>A]C,8.202488999999998
G[C>A]G,2.401017
G[C>A]T,10.663436999999998
T[C>A]A,18.583605999999996
T[C>A]C,14.579972999999995
T[C>A]G,3.6082209999999995
T[C>A]T,24.893828999999986
A[C>G]A,7.405704000000002
A[C>G]C,4.369446999999999
A[C>G]G,1.976746
A[C>G]T,6.268669
C[C>G]A,3.1221200000000007
C[C>G]C,2.994775
C[C>G]G,2.054003
C[C>G]T,3.2869620000000004
G[C>G]A,3.123181
G[C>G]C,2.9405939999999995
G[C>G]G,0.8374400000000002
G[C>G]T,2.8084050000000005
T[C>G]A,3.386252999999999
T[C>G]C,4.4974099999999995
T[C>G]G,0.8974610000000003
T[C>G]T,6.451401
A[C>T]A,34.543458999999984
A[C>T]C,14.931191999999994
A[C>T]G,139.5821719999999
A[C>T]T,15.98871299999999
C[C>T]A,23.370771999999988
C[C>T]C,20.38589099999999
C[C>T]G,80.36884399999992
C[C>T]T,20.88760199999999
G[C>T]A,25.03923999999999
G[C>T]C,25.512089999999983
G[C>T]G,87.68282099999992
G[C>T]T,19.424691999999986
T[C>T]A,15.38221199999999
T[C>T]C,21.78805199999999
T[C>T]G,62.12911999999996
T[C>T]T,20.865684999999992
A[T>A]A,8.93461
A[T>A]C,4.696365999999999
A[T>A]G,7.177867999999999
A[T>A]T,13.901261999999996
C[T>A]A,3.074805
C[T>A]C,5.647355999999999
C[T>A]G,4.970762000000001
C[T>A]T,7.510354999999999
G[T>A]A,3.2347450000000006
G[T>A]C,2.5491490000000003
G[T>A]G,4.474411000000001
G[T>A]T,4.805116999999999
T[T>A]A,12.693267999999996
T[T>A]C,4.504321
T[T>A]G,3.3935460000000006
T[T>A]T,12.386132
A[T>C]A,22.754253000000002
A[T>C]C,10.405
A[T>C]G,15.928867999999998
A[T>C]T,16.531293999999995
C[T>C]A,7.028279999999999
C[T>C]C,10.283620999999998
C[T>C]G,12.596324999999998
C[T>C]T,18.035573999999997
G[T>C]A,12.520185999999994
G[T>C]C,8.964055999999996
G[T>C]G,9.940643999999999
G[T>C]T,13.465634999999994
T[T>C]A,11.274779999999996
T[T>C]C,11.702682
T[T>C]G,10.728656999999995
T[T>C]T,15.434372999999997
A[T>G]A,3.584092999999999
A[T>G]C,2.842201999999999
A[T>G]G,3.7237280000000004
A[T>G]T,5.708147999999999
C[T>G]A,0.7394470000000003
C[T>G]C,3.1580209999999993
C[T>G]G,4.380828
C[T>G]T,13.615096999999997
G[T>G]A,1.1644430000000003
G[T>G]C,0.8577620000000001
G[T>G]G,5.862476
G[T>G]T,5.361606
T[T>G]A,3.009918
T[T>G]C,3.1921559999999998
T[T>G]G,5.282985
T[T>G]T,14.416562999999996
