MS_status,p_val,lower_conf,upper_conf,mean_diff,n
MT-H,0.3369135848311703,-6.3603233630376534,2.273366841298522,-2.0434782608695654,23
MT-L,0.5452095199359607,-4.435500498026334,2.390339207703753,-1.0225806451612902,31
