MS_status,p_val,lower_conf,upper_conf,mean_diff,n
MT-H,0.3369135848311703,-6.360323363037652,2.2733668412985213,-2.043478260869565,23
MT-L,0.5452095199359607,-4.435500498026334,2.390339207703753,-1.0225806451612902,31
